rio,lat,lon
ott,45.40,284.50
talo,69.54,266.45
rank,62.82,267.89
pina,50.02,263.96
gill,56.38,265.36
daws,64.05,220.89
fsim,61.76,238.77
fsmi,60.02,248.05
rabb,58.22,256.32
isll,53.86,265.34
mcmu,56.66,248.79
sps,42.7409,-73.4377
ale,82.52,297.73
res,74.7,265.1
pon,72.68,282.05
cly,70.48,291.494
cbb,69.1,255
hal,68.77,278.75
inu,68.3,226.5
blc,64.3,264
iqa,63.7,291.5
ykc,62.5,245.5
snk,56.3,281
mea,54.6,246.7
sas,52.2,252.88
brd,49.92,260.05
pen,49.32,240.37
stj,47.6,307.3
arf,46,294